Titles,Links,Images,Categories,Time
"
      What we know about the Sikh murder that soured India-Canada ties
  ",/world/india-canada-sikh-murder-hardeep-singh-nijjar-khalistan-movement-what-we-know-3784916,"https://onecms-res.cloudinary.com/image/upload/s--nupziqNi--/fl_relative,g_south_east,l_one-cms:core:watermark:ap_data-1,w_0.1/f_auto,q_auto/c_fill,g_auto,h_338,w_600/v1/one-cms/core/canada_india_sikh_slain_67826.jpg?itok=gvCr74bM","
      World
  ","
          20/09/2023
        "
"
      Chinese blockade on Taiwan would be 'monster risk': Pentagon
  ",/asia/china-military-blockade-taiwan-strait-risk-us-pentagon-3785001,"https://onecms-res.cloudinary.com/image/upload/s--XioQPaV7--/fl_relative,g_south_east,l_one-cms:core:watermark:reuters,w_0.1/f_auto,q_auto/c_fill,g_auto,h_338,w_600/v1/one-cms/core/2022-09-23t082652z_2_lynxmpei8m08h_rtroptp_3_taiwan-china.jpg?itok=u2qzhxDr","
      Asia
  ","
          20/09/2023
        "
"
      Former CEO of New Silkroutes Group Goh Jin Hian among 4 men charged with false trading
  ",/singapore/new-silkroutes-ceo-jin-hian-charged-false-trading-goh-chok-tong-son-3784611,"https://onecms-res.cloudinary.com/image/upload/s--mkH9REIt--/c_crop,h_900,w_1600,x_0,y_33/fl_relative,g_south_east,l_mediacorp:cna:watermark:2021-08:cna,w_0.1/f_auto,q_auto/c_fill,g_auto,h_338,w_600/v1/mediacorp/cna/image/2023/09/20/goh_jin_hian_2.jpg?itok=Cqe-BkQG","
      Singapore
  ","
          20/09/2023
        "
"
      Ex-Singapore Idol judge Ken Lim gets fresh charge of insulting woman's modesty while discussing music career
  ",/singapore/singapore-idol-judge-ken-lim-fresh-charge-insult-woman-modesty-music-career-3784546,"https://onecms-res.cloudinary.com/image/upload/s--hABIm0qr--/fl_relative,g_south_east,l_mediacorp:cna:watermark:2021-08:cna,w_0.1/f_auto,q_auto/c_fill,g_auto,h_338,w_600/v1/mediacorp/cna/image/2023/03/30/dsc_3225.jpg?itok=DlHMufAe","
      Singapore
  ","
          20/09/2023
        "
"
      MMA fighter Angela Lee says her 2017 car crash was a suicide attempt, confirms sister Victoria took her own life
  ",/sport/angela-lee-mma-fighter-says-2017-car-crash-was-suicide-attempt-confirms-sister-victoria-lee-took-her-own-life-3784971,"https://onecms-res.cloudinary.com/image/upload/s--PgyQC2Yq--/c_crop,h_493,w_877,x_1,y_56/f_auto,q_auto/c_fill,g_auto,h_338,w_600/v1/mediacorp/cna/image/2023/09/20/angelaleevictorialee.png?itok=Lln_iOYf","
      Sport
  ","
          20/09/2023
        "
"
      5 things women may not know about egg freezing: How to prep your body, pregnancy success rate and more 
  ",/women/egg-freezing-singapore-things-know-3674941,"https://onecms-res.cloudinary.com/image/upload/s--8iAQxjWT--/c_crop,h_900,w_1600,x_0,y_0/fl_relative,g_south_east,l_mediacorp:cna:watermark:2021-08:cna,w_0.1/f_auto,q_auto/c_fill,g_auto,h_338,w_600/v1/mediacorp/cna/image/2023/09/10/elective_egg_freezing_in_singapore.jpeg?itok=EOaU-LHu","
      Women
  ","
          19/09/2023
        "
"
      Tackling extreme weather: More advanced monitoring system in the works, says Meteorological Service SingaporeÂ 
  ",/singapore/weather-forecast-flooding-extreme-weather-3784631,"https://onecms-res.cloudinary.com/image/upload/s--ywevgRqz--/fl_relative,g_south_east,l_mediacorp:cna:watermark:2021-08:mediacorp,w_0.1/f_auto,q_auto/c_fill,g_auto,h_338,w_600/v1/mediacorp/cna/image/2022/05/07/20220302_llt_rain_wet_weather_generics-11.jpg?itok=kAMVm-TH","
      Singapore
  ","
          20/09/2023
        "
"
      Parliament rejects PSP proposal to suspend Iswaran as MP; will 'consider the matter' after outcome of graft probe
  ",/singapore/parliament-votes-against-psp-motion-suspension-iswaran-corruption-3782671,"https://onecms-res.cloudinary.com/image/upload/s--8U3A0Fim--/f_auto,q_auto/c_fill,g_auto,h_338,w_600/v1/mediacorp/cna/image/2023/09/19/indranee%20rajah%20hazel%20poa.jpg?itok=E5RLeiED","
      Singapore
  ","
          20/09/2023
        "
"
      No drop in table cleanliness standards at coffee shops since tray return policy: Grace Fu
  ",/singapore/tray-return-rule-table-cleanliness-standards-coffee-shops-hawker-centre-grace-fu-3784646,"https://onecms-res.cloudinary.com/image/upload/s--Yk_dRRCD--/c_crop,h_3402,w_6048,x_0,y_103/fl_relative,g_south_east,l_mediacorp:cna:watermark:2021-08:cna,w_0.1/f_auto,q_auto/c_fill,g_auto,h_338,w_600/v1/mediacorp/cna/image/2021-09/tray_return_sep_1_4.jpg?itok=JVYoUWrV","
      Singapore
  ","
          20/09/2023
        "
"
      At UN General Assembly, Biden asks world to stand by Ukraine
  ",/world/un-general-assembly-biden-asks-world-stand-ukraine-3782196,"https://onecms-res.cloudinary.com/image/upload/s--xNHceq2p--/c_fill,g_auto,h_287,w_510/f_auto,q_auto/v1/mediacorp/cna/image/2023/06/14/eld%201.PNG?itok=25WDNXWi",,"
          19/09/2023
        "
"
      Commentary: Rice export bans and price caps are a food crisis risk for Asia
  ",/commentary/rice-price-cap-india-export-ban-food-security-3779046,"https://onecms-res.cloudinary.com/image/upload/s--BHJiHmnc--/c_crop,h_841,w_1496,x_0,y_1/c_fill,g_auto,h_287,w_510/fl_relative,g_south_east,l_mediacorp:cna:watermark:2021-08:cna,w_0.1/f_auto,q_auto/v1/mediacorp/cna/image/2023/05/03/sya_7295.jpg?itok=qGKJlkIr",,"
          20/09/2023
        "
"
      9 Korean celebrity-owned restaurants and cafes to visit on your next trip to South Korea
  ",/travel/korean-celebrity-restaurants-cafes-3732041,"https://onecms-res.cloudinary.com/image/upload/s--k4oykmMn--/c_fill,g_auto,h_361,w_642/fl_relative,g_south_east,l_one-cms:core:watermark:reuters,w_0.1/f_auto,q_auto/v1/one-cms/core/2023-09-19t183203z_2_lynxmpej8i0lj_rtroptp_3_un-assembly.jpg?itok=r4dVigKg",,"
          19/09/2023
        "
"
      Ronaldo helps Al Nassr to historic Asia Cup win in Iran
  ",/sport/ronaldo-helps-al-nassr-historic-asia-cup-win-iran-3784011,"https://onecms-res.cloudinary.com/image/upload/s--55ap3oYn--/c_fill,g_auto,h_361,w_642/fl_relative,g_south_east,l_one-cms:core:watermark:ap_data-1,w_0.1/f_auto,q_auto/v1/one-cms/core/rice_global_shortage_43213.jpg?itok=Z_1aIxN1",,"
          19/09/2023
        "
,,"https://onecms-res.cloudinary.com/image/upload/s--d8gmfUTP--/c_crop,h_895,w_1591,x_1,y_297/c_fill,g_auto,h_361,w_642/f_auto,q_auto/v1/mediacorp/cna/image/2023/08/29/bts_jin_winner_song_mino.jpg?itok=aprWLqZZ",,"
          19/09/2023
        "
,,"https://onecms-res.cloudinary.com/image/upload/s--SEgiJROm--/c_fill,g_auto,h_287,w_510/fl_relative,g_south_east,l_one-cms:core:watermark:reuters,w_0.1/f_auto,q_auto/v1/one-cms/core/2023-09-20t054726z_1_lynxmpej8j04z_rtroptp_3_whatsapp-india.jpg?itok=8wZF6KIs",,"
          20/09/2023
        "
,,"https://onecms-res.cloudinary.com/image/upload/s--DQqoZBDc--/c_crop,h_562,w_999,x_1,y_0/c_fill,g_auto,h_287,w_510/fl_relative,g_south_east,l_one-cms:core:watermark:ap_data-1,w_0.1/f_auto,q_auto/v1/one-cms/core/twitter_x_ftc_79533.jpg?itok=fhkmzNpC",,"
          19/09/2023
        "
,,"https://onecms-res.cloudinary.com/image/upload/s--OdLWHDhl--/c_fill,g_auto,h_361,w_642/fl_relative,g_south_east,l_one-cms:core:watermark:afp_watermark,w_0.1/f_auto,q_auto/v1/one-cms/core/5d258e7be4cab922d12b67a9701e9de5cabbd962.jpg?itok=TcZkc-bS",,"
          19/09/2023
        "
